VariableCode,RegionCode,YearCode,AggValue
pop,ARE,2018,9.63095900000000000
emp,ARE,2018,5.73991298675537000
hc,ARE,2018,2.74340224266052000
rgdpna,ARE,2018,637294.25000000000000000
pl_c,ARE,2018,0.81097942590713500
rnna,ARE,2018,4397732.00000000000000000
pop,ATG,2018,0.09628600000000000
rgdpna,ATG,2018,1462.53308105469000000
pl_c,ATG,2018,0.90000915527343800
rnna,ATG,2018,10396.39355468750000000
pop,AIA,2018,0.01473100000000000
rgdpna,AIA,2018,212.01066589355500000
pl_c,AIA,2018,0.94695359468460100
rnna,AIA,2018,2361.48364257813000000
pop,ALB,2018,2.88274000000000000
emp,ALB,2018,1.07106351852417000
hc,ALB,2018,2.95806837081909000
rgdpna,ALB,2018,36398.88281250000000000
pl_c,ALB,2018,0.47615408897399900
rnna,ALB,2018,222787.59375000000000000
pop,ARM,2018,2.95174500000000000
emp,ARM,2018,0.92607933282852200
hc,ARM,2018,3.13321995735168000
rgdpna,ARM,2018,40210.19531250000000000
pl_c,ARM,2018,0.33875834941864000
rnna,ARM,2018,97052.53906250000000000
pop,CUW,2018,0.16275200000000000
emp,CUW,2018,0.06069999933242800
rgdpna,CUW,2018,3499.05615234375000000
pl_c,CUW,2018,0.81781071424484300
pop,AGO,2018,30.80978700000000000
emp,AGO,2018,16.07833099365230000
hc,AGO,2018,1.47463452816010000
rgdpna,AGO,2018,225540.04687500000000000
pl_c,AGO,2018,0.50494813919067400
rnna,AGO,2018,1360360.62500000000000000
pop,ARG,2018,44.36115000000000000
emp,ARG,2018,20.13507080078130000
avh,ARG,2018,1638.44003915643000000
hc,ARG,2018,3.06596803665161000
rgdpna,ARG,2018,997136.62500000000000000
pl_c,ARG,2018,0.52154147624969500
rnna,ARG,2018,3372807.50000000000000000
pop,AUT,2018,8.89138800000000000
emp,AUT,2018,4.48848199844360000
avh,AUT,2018,1612.69274808310000000
hc,AUT,2018,3.36999678611755000
rgdpna,AUT,2018,470054.50000000000000000
pl_c,AUT,2018,0.97342842817306500
rnna,AUT,2018,2838835.75000000000000000
pop,AUS,2018,24.89815200000000000
emp,AUS,2018,12.61943721771240000
avh,AUS,2018,1729.34206312146000000
hc,AUS,2018,3.53604745864868000
rgdpna,AUS,2018,1319492.87500000000000000
pl_c,AUS,2018,1.10194897651672000
rnna,AUS,2018,5809769.00000000000000000
pop,ABW,2018,0.10584500000000000
emp,ABW,2018,0.04739089682698250
rgdpna,ABW,2018,3090.40478515625000000
pl_c,ABW,2018,0.85705643892288200
rnna,ABW,2018,18284.37890625000000000
pop,AZE,2018,9.94953700000000000
emp,AZE,2018,5.03152704238892000
rgdpna,AZE,2018,140815.53125000000000000
pl_c,AZE,2018,0.29100599884986900
rnna,AZE,2018,264708.93750000000000000
pop,BIH,2018,3.32392500000000000
emp,BIH,2018,0.67694300413131700
rgdpna,BIH,2018,43983.20312500000000000
pl_c,BIH,2018,0.48507413268089300
rnna,BIH,2018,133476.64062500000000000
pop,BRB,2018,0.28664100000000000
emp,BRB,2018,0.13367190957069400
hc,BRB,2018,2.84086918830872000
rgdpna,BRB,2018,3358.33251953125000000
pl_c,BRB,2018,1.05836117267609000
rnna,BRB,2018,34092.93359375000000000
pop,BGD,2018,161.37670800000000000
emp,BGD,2018,64.34140014648440000
avh,BGD,2018,2418.88269322362000000
hc,BGD,2018,2.07510161399841000
rgdpna,BGD,2018,708383.00000000000000000
pl_c,BGD,2018,0.35892823338508600
rnna,BGD,2018,2612955.25000000000000000
pop,BEL,2018,11.48217800000000000
emp,BEL,2018,4.83939981460571000
avh,BEL,2018,1583.26399701065000000
hc,BEL,2018,3.14273524284363000
rgdpna,BEL,2018,524948.12500000000000000
pl_c,BEL,2018,0.98607796430587800
rnna,BEL,2018,3439589.75000000000000000
pop,BFA,2018,19.75146600000000000
emp,BFA,2018,6.75672006607056000
hc,BFA,2018,1.27230703830719000
rgdpna,BFA,2018,39322.71484375000000000
pl_c,BFA,2018,0.37104195356369000
rnna,BFA,2018,78982.17187500000000000
pop,BGR,2018,7.05160800000000000
emp,BGR,2018,3.33536028862000000
avh,BGR,2018,1644.57156324894000000
hc,BGR,2018,3.17438507080078000
rgdpna,BGR,2018,143353.62500000000000000
pl_c,BGR,2018,0.47454756498336800
rnna,BGR,2018,445278.81250000000000000
pop,BHR,2018,1.56944600000000000
emp,BHR,2018,0.75523364543914800
hc,BHR,2018,2.23335027694702000
rgdpna,BHR,2018,74875.14843750000000000
pl_c,BHR,2018,0.56185150146484400
rnna,BHR,2018,407606.90625000000000000
pop,BDI,2018,11.17537400000000000
emp,BDI,2018,4.84106779098511000
hc,BDI,2018,1.40283358097076000
rgdpna,BDI,2018,9089.61230468750000000
pl_c,BDI,2018,0.34538084268569900
rnna,BDI,2018,18189.76953125000000000
pop,BEN,2018,11.48504400000000000
emp,BEN,2018,4.15568017959595000
hc,BEN,2018,1.87931907176971000
rgdpna,BEN,2018,36617.87500000000000000
pl_c,BEN,2018,0.39435559511184700
rnna,BEN,2018,81241.35156250000000000
pop,BMU,2018,0.06275600000000000
emp,BMU,2018,0.03434411436319350
rgdpna,BMU,2018,3181.82592773438000000
pl_c,BMU,2018,1.45301127433777000
rnna,BMU,2018,11220.02832031250000000
pop,BRN,2018,0.42896300000000000
emp,BRN,2018,0.20229868590831800
hc,BRN,2018,2.78646826744080000
rgdpna,BRN,2018,27343.38281250000000000
pl_c,BRN,2018,0.50351649522781400
rnna,BRN,2018,193420.23437500000000000
pop,BOL,2018,11.35314200000000000
emp,BOL,2018,5.40282011032104000
hc,BOL,2018,2.93748831748962000
rgdpna,BOL,2018,95388.06250000000000000
pl_c,BOL,2018,0.36998030543327300
rnna,BOL,2018,208225.51562500000000000
pop,BRA,2018,209.46932300000000000
emp,BRA,2018,92.09094238281250000
avh,BRA,2018,1706.05716938628000000
hc,BRA,2018,3.01947546005249000
rgdpna,BRA,2018,3007931.50000000000000000
pl_c,BRA,2018,0.62044680118560800
rnna,BRA,2018,13584285.00000000000000000
pop,BHS,2018,0.38563700000000000
emp,BHS,2018,0.20517440140247300
rgdpna,BHS,2018,12586.54199218750000000
pl_c,BHS,2018,1.08638441562653000
rnna,BHS,2018,74822.58593750000000000
pop,BTN,2018,0.75438800000000000
emp,BTN,2018,0.31373530626297000
rgdpna,BTN,2018,8595.48535156250000000
pl_c,BTN,2018,0.30088752508163500
rnna,BTN,2018,58912.51171875000000000
pop,BWA,2018,2.25406800000000000
emp,BWA,2018,0.91396611928939800
hc,BWA,2018,2.91175222396851000
rgdpna,BWA,2018,37341.26171875000000000
pl_c,BWA,2018,0.50977647304534900
rnna,BWA,2018,175852.59375000000000000
pop,BLR,2018,9.45261700000000000
emp,BLR,2018,4.30364561080933000
rgdpna,BLR,2018,197955.01562500000000000
pl_c,BLR,2018,0.29917469620704700
rnna,BLR,2018,645298.00000000000000000
pop,BLZ,2018,0.38307100000000000
emp,BLZ,2018,0.15391379594802900
hc,BLZ,2018,3.57042860984802000
rgdpna,BLZ,2018,2377.90185546875000000
pl_c,BLZ,2018,0.71594858169555700
rnna,BLZ,2018,9692.21777343750000000
pop,CAN,2018,37.07456200000000000
emp,CAN,2018,18.96622848510740000
avh,CAN,2018,1707.05926033192000000
hc,CAN,2018,3.71367216110229000
rgdpna,CAN,2018,1839938.37500000000000000
pl_c,CAN,2018,0.95364427566528300
rnna,CAN,2018,8580741.00000000000000000
pop,COD,2018,84.06809100000000000
emp,COD,2018,24.38128280639650000
hc,COD,2018,1.67250561714172000
rgdpna,COD,2018,86676.03125000000000000
pl_c,COD,2018,0.52384203672409100
rnna,COD,2018,258422.42187500000000000
pop,CAF,2018,4.66636800000000000
emp,CAF,2018,1.80255019664764000
hc,CAF,2018,1.55097663402557000
rgdpna,CAF,2018,4426.90234375000000000
pl_c,CAF,2018,0.51545649766922000
rnna,CAF,2018,31578.30859375000000000
pop,COG,2018,5.24435900000000000
emp,COG,2018,1.94903624057770000
hc,COG,2018,2.04257464408875000
rgdpna,COG,2018,19532.42578125000000000
pl_c,COG,2018,0.52159780263900800
rnna,COG,2018,140690.48437500000000000
pop,CHE,2018,8.52561100000000000
emp,CHE,2018,4.97150182723999000
avh,CHE,2018,1561.18279697534000000
hc,CHE,2018,3.69508242607117000
rgdpna,CHE,2018,641318.62500000000000000
pl_c,CHE,2018,1.33043384552002000
rnna,CHE,2018,3183201.00000000000000000
pop,CIV,2018,25.06923000000000000
emp,CIV,2018,7.28638172149658000
hc,CIV,2018,1.67633152008057000
rgdpna,CIV,2018,118822.50000000000000000
pl_c,CIV,2018,0.44570767879486100
rnna,CIV,2018,232921.48437500000000000
pop,CHL,2018,18.72916000000000000
emp,CHL,2018,7.99383497238159000
avh,CHL,2018,1940.60000000000000000
hc,CHL,2018,3.12676072120667000
rgdpna,CHL,2018,438987.34375000000000000
pl_c,CHL,2018,0.74529051780700700
rnna,CHL,2018,2015837.37500000000000000
pop,CMR,2018,25.21626700000000000
emp,CMR,2018,10.07321071624760000
hc,CMR,2018,1.89291405677795000
rgdpna,CMR,2018,90019.03125000000000000
pl_c,CMR,2018,0.42115533351898200
rnna,CMR,2018,237543.21875000000000000
pop,CHN,2018,1427.64778600000000000
emp,CHN,2018,799.30664062500000000
avh,CHN,2018,2168.91884848016000000
hc,CHN,2018,2.67364239692688000
rgdpna,CHN,2018,19841296.00000000000000000
pl_c,CHN,2018,0.69644540548324600
rnna,CHN,2018,93488032.00000000000000000
pop,COL,2018,49.66104800000000000
emp,COL,2018,21.39823150634770000
avh,COL,2018,1968.36726179570000000
hc,COL,2018,2.58082032203674000
rgdpna,COL,2018,673218.75000000000000000
pl_c,COL,2018,0.50707769393920900
rnna,COL,2018,2124748.75000000000000000
pop,CRI,2018,4.99944100000000000
emp,CRI,2018,2.19618868827820000
avh,CRI,2018,2127.98844565145000000
hc,CRI,2018,2.67630171775818000
rgdpna,CRI,2018,92119.04687500000000000
pl_c,CRI,2018,0.65251874923706100
rnna,CRI,2018,230720.92187500000000000
pop,CPV,2018,0.54376700000000000
emp,CPV,2018,0.20823743939399700
rgdpna,CPV,2018,3871.19238281250000000
pl_c,CPV,2018,0.48753398656845100
rnna,CPV,2018,18480.87109375000000000
pop,CYP,2018,0.86174900000000000
emp,CYP,2018,0.35703805088996900
avh,CYP,2018,1809.58328414591000000
hc,CYP,2018,2.88358068466187000
rgdpna,CYP,2018,27799.84960937500000000
pl_c,CYP,2018,0.78629809617996200
rnna,CYP,2018,212374.32812500000000000
pop,CZE,2018,10.66567700000000000
emp,CZE,2018,5.44891309738159000
avh,CZE,2018,1786.68910987575000000
hc,CZE,2018,3.67005181312561000
rgdpna,CZE,2018,390644.56250000000000000
pl_c,CZE,2018,0.63635534048080400
rnna,CZE,2018,2347597.25000000000000000
pop,DEU,2018,83.12441800000000000
emp,DEU,2018,44.30603027343750000
avh,DEU,2018,1389.93177865965000000
hc,DEU,2018,3.67292213439941000
rgdpna,DEU,2018,4290237.50000000000000000
pl_c,DEU,2018,0.91732752323150600
rnna,DEU,2018,20701212.00000000000000000
pop,DJI,2018,0.95892300000000000
emp,DJI,2018,0.36498206853866600
rgdpna,DJI,2018,4436.21679687500000000
pl_c,DJI,2018,0.51496469974517800
rnna,DJI,2018,10379.00781250000000000
pop,DNK,2018,5.75212600000000000
emp,DNK,2018,2.94209003448486000
avh,DNK,2018,1381.92945098926000000
hc,DNK,2018,3.58110880851746000
rgdpna,DNK,2018,302639.90625000000000000
pl_c,DNK,2018,1.21270966529846000
rnna,DNK,2018,1573451.37500000000000000
pop,DMA,2018,0.07162500000000000
rgdpna,DMA,2018,739.47088623046900000
pl_c,DMA,2018,0.69195878505706800
rnna,DMA,2018,2747.04077148438000000
pop,DOM,2018,10.62714100000000000
emp,DOM,2018,4.98694419860840000
avh,DOM,2018,2142.10201024009000000
hc,DOM,2018,2.73215627670288000
rgdpna,DOM,2018,186219.75000000000000000
pl_c,DOM,2018,0.49114862084388700
rnna,DOM,2018,728868.56250000000000000
pop,DZA,2018,42.22840800000000000
emp,DZA,2018,11.09362125396730000
hc,DZA,2018,2.34303092956543000
rgdpna,DZA,2018,477854.25000000000000000
pl_c,DZA,2018,0.33368489146232600
rnna,DZA,2018,2399707.50000000000000000
pop,ECU,2018,17.08435800000000000
emp,ECU,2018,8.16864776611328000
avh,ECU,2018,1568.14027351186000000
hc,ECU,2018,2.75602555274963000
rgdpna,ECU,2018,194042.60937500000000000
pl_c,ECU,2018,0.56031602621078500
rnna,ECU,2018,1136387.87500000000000000
pop,EST,2018,1.32292000000000000
emp,EST,2018,0.66509199142456100
avh,EST,2018,1810.37875288684000000
hc,EST,2018,3.63767147064209000
rgdpna,EST,2018,42657.19531250000000000
pl_c,EST,2018,0.70581918954849200
rnna,EST,2018,213433.25000000000000000
pop,EGY,2018,98.42359800000000000
emp,EGY,2018,25.98480033874510000
hc,EGY,2018,2.64707231521606000
rgdpna,EGY,2018,1219796.50000000000000000
pl_c,EGY,2018,0.23000115156173700
rnna,EGY,2018,1747955.25000000000000000
pop,ESP,2018,46.69285800000000000
emp,ESP,2018,19.52936553955080000
avh,ESP,2018,1695.50101681915000000
hc,ESP,2018,2.96457171440125000
rgdpna,ESP,2018,1860042.37500000000000000
pl_c,ESP,2018,0.82243198156356800
rnna,ESP,2018,11590919.00000000000000000
pop,ETH,2018,109.22441400000000000
emp,ETH,2018,56.11839294433590000
hc,ETH,2018,1.43478965759277000
rgdpna,ETH,2018,230360.26562500000000000
pl_c,ETH,2018,0.32175871729850800
rnna,ETH,2018,555485.12500000000000000
pop,FIN,2018,5.52257600000000000
emp,FIN,2018,2.62945699691772000
avh,FIN,2018,1597.73047484863000000
hc,FIN,2018,3.48528575897217000
rgdpna,FIN,2018,245213.39062500000000000
pl_c,FIN,2018,1.08660089969635000
rnna,FIN,2018,1261921.87500000000000000
pop,FJI,2018,0.88348300000000000
emp,FJI,2018,0.30516898632049600
hc,FJI,2018,2.69134140014648000
rgdpna,FJI,2018,12000.59082031250000000
pl_c,FJI,2018,0.47170546650886500
rnna,FJI,2018,27818.42578125000000000
pop,FRA,2018,67.19102700000000000
emp,FRA,2018,28.18206405639650000
avh,FRA,2018,1495.45792132034000000
hc,FRA,2018,3.21035933494568000
rgdpna,FRA,2018,2921268.50000000000000000
pl_c,FRA,2018,0.95396393537521400
rnna,FRA,2018,17778742.00000000000000000
pop,GAB,2018,2.11927500000000000
emp,GAB,2018,0.64187824726104700
hc,GAB,2018,2.83003211021423000
rgdpna,GAB,2018,30885.04296875000000000
pl_c,GAB,2018,0.56985813379287700
rnna,GAB,2018,126166.12500000000000000
pop,GBR,2018,67.14168400000000000
emp,GBR,2018,32.63174438476560000
avh,GBR,2018,1663.18888383671000000
hc,GBR,2018,3.76570081710815000
rgdpna,GBR,2018,2979130.75000000000000000
pl_c,GBR,2018,1.02268552780151000
rnna,GBR,2018,15145127.00000000000000000
pop,GRD,2018,0.11145400000000000
emp,GRD,2018,0.06328403949737550
rgdpna,GRD,2018,1636.03637695313000000
pl_c,GRD,2018,0.65272402763366700
rnna,GRD,2018,6595.24414062500000000
pop,GEO,2018,4.00294200000000000
emp,GEO,2018,1.37780308723450000
rgdpna,GEO,2018,60399.59375000000000000
pl_c,GEO,2018,0.36436092853546100
rnna,GEO,2018,289560.90625000000000000
pop,GHA,2018,29.76710200000000000
emp,GHA,2018,12.93147563934330000
hc,GHA,2018,2.49568748474121000
rgdpna,GHA,2018,157226.15625000000000000
pl_c,GHA,2018,0.37528133392334000
rnna,GHA,2018,411308.84375000000000000
pop,GMB,2018,2.28009400000000000
emp,GMB,2018,0.66537559032440200
hc,GMB,2018,1.64727485179901000
rgdpna,GMB,2018,5225.53955078125000000
pl_c,GMB,2018,0.32598403096199000
rnna,GMB,2018,11592.58300781250000000
pop,GIN,2018,12.41429300000000000
emp,GIN,2018,4.51553535461426000
rgdpna,GIN,2018,31043.89062500000000000
pl_c,GIN,2018,0.38354751467704800
rnna,GIN,2018,55261.55468750000000000
pop,GNQ,2018,1.30897500000000000
emp,GNQ,2018,0.47594085335731500
rgdpna,GNQ,2018,30133.50195312500000000
pl_c,GNQ,2018,0.57686549425125100
rnna,GNQ,2018,120384.57812500000000000
pop,GRC,2018,10.52224600000000000
emp,GRC,2018,4.16140508651733000
avh,GRC,2018,2044.43100594298000000
hc,GRC,2018,3.11320781707764000
rgdpna,GRC,2018,284216.25000000000000000
pl_c,GRC,2018,0.75157046318054200
rnna,GRC,2018,2591668.00000000000000000
pop,GTM,2018,17.24784900000000000
emp,GTM,2018,6.88592004776001000
hc,GTM,2018,1.93199682235718000
rgdpna,GTM,2018,131079.84375000000000000
pl_c,GTM,2018,0.58797460794448900
rnna,GTM,2018,441030.15625000000000000
pop,GNB,2018,1.87430300000000000
emp,GNB,2018,0.75836533308029200
rgdpna,GNB,2018,3603.79418945313000000
pl_c,GNB,2018,0.41826748847961400
rnna,GNB,2018,6209.46093750000000000
pop,GUY,2018,0.77900600000000000
emp,GUY,2018,0.25457376241684000
hc,GUY,2018,2.69103598594666000
rgdpna,GUY,2018,9867.83007812500000000
pl_c,GUY,2018,0.51171916723251300
pop,HKG,2018,7.37173000000000000
emp,HKG,2018,3.87370657920837000
avh,HKG,2018,2147.57436171632000000
hc,HKG,2018,3.25339078903198000
rgdpna,HKG,2018,375170.28125000000000000
pl_c,HKG,2018,0.79264754056930500
rnna,HKG,2018,2569644.25000000000000000
pop,HND,2018,9.58752200000000000
emp,HND,2018,3.91879963874817000
hc,HND,2018,2.39308500289917000
rgdpna,HND,2018,52280.44531250000000000
pl_c,HND,2018,0.46600875258445700
rnna,HND,2018,230230.56250000000000000
pop,HRV,2018,4.15640500000000000
emp,HRV,2018,1.79193985462189000
avh,HRV,2018,1810.86957827887000000
hc,HRV,2018,3.57060337066650000
rgdpna,HRV,2018,108934.54687500000000000
pl_c,HRV,2018,0.63433951139450100
rnna,HRV,2018,597121.93750000000000000
pop,HTI,2018,11.12317800000000000
emp,HTI,2018,4.45044040679932000
hc,HTI,2018,1.71569538116455000
rgdpna,HTI,2018,18431.83007812500000000
pl_c,HTI,2018,0.53913813829422000
rnna,HTI,2018,150420.06250000000000000
pop,HUN,2018,9.70749900000000000
emp,HUN,2018,4.63505029678345000
avh,HUN,2018,1728.87776968242000000
hc,HUN,2018,3.40100622177124000
rgdpna,HUN,2018,275971.59375000000000000
pl_c,HUN,2018,0.56799930334091200
rnna,HUN,2018,1391900.75000000000000000
pop,IDN,2018,267.67054300000000000
emp,IDN,2018,127.06783294677700000
avh,IDN,2018,2019.92339539505000000
hc,IDN,2018,2.30210971832275000
rgdpna,IDN,2018,2961655.00000000000000000
pl_c,IDN,2018,0.36312860250473000
rnna,IDN,2018,16785402.00000000000000000
pop,IRL,2018,4.81869000000000000
emp,IRL,2018,2.19354510307312000
avh,IRL,2018,1785.40216270954000000
hc,IRL,2018,3.16806674003601000
rgdpna,IRL,2018,447766.56250000000000000
pl_c,IRL,2018,1.12667262554169000
rnna,IRL,2018,1659333.00000000000000000
pop,ISR,2018,8.38151600000000000
emp,ISR,2018,4.15644454956055000
avh,ISR,2018,1912.89232128093000000
hc,ISR,2018,3.84882855415344000
rgdpna,ISR,2018,332395.00000000000000000
pl_c,ISR,2018,1.11126244068146000
rnna,ISR,2018,1187814.37500000000000000
pop,IND,2018,1352.64228000000000000
emp,IND,2018,491.07720947265600000
avh,IND,2018,2122.94068248459000000
hc,IND,2018,2.14736175537109000
rgdpna,IND,2018,8791310.00000000000000000
pl_c,IND,2018,0.29032701253891000
rnna,IND,2018,33579996.00000000000000000
pop,IRQ,2018,38.43360000000000000
emp,IRQ,2018,8.49299240112305000
hc,IRQ,2018,2.27583694458008000
rgdpna,IRQ,2018,436406.50000000000000000
pl_c,IRQ,2018,0.48120477795600900
rnna,IRQ,2018,1087209.00000000000000000
pop,IRN,2018,81.80018800000000000
emp,IRN,2018,24.29672813415530000
hc,IRN,2018,2.47035622596741000
rgdpna,IRN,2018,1071334.87500000000000000
pl_c,IRN,2018,0.43396621942520100
rnna,IRN,2018,6753519.00000000000000000
pop,ISL,2018,0.33671300000000000
emp,ISL,2018,0.19425030052661900
avh,ISL,2018,1449.39528023599000000
hc,ISL,2018,3.25477123260498000
rgdpna,ISL,2018,17303.36328125000000000
pl_c,ISL,2018,1.35219466686249000
rnna,ISL,2018,92957.71875000000000000
pop,ITA,2018,60.62729100000000000
emp,ITA,2018,25.41790771484380000
avh,ITA,2018,1722.31845570449000000
hc,ITA,2018,3.13999652862549000
rgdpna,ITA,2018,2459384.75000000000000000
pl_c,ITA,2018,0.88830339908599900
rnna,ITA,2018,18828844.00000000000000000
pop,JAM,2018,2.93484700000000000
emp,JAM,2018,1.21510004997253000
hc,JAM,2018,2.59433317184448000
rgdpna,JAM,2018,24422.08789062500000000
pl_c,JAM,2018,0.57965916395187400
rnna,JAM,2018,150934.62500000000000000
pop,JOR,2018,9.96531800000000000
emp,JOR,2018,2.40037465095520000
hc,JOR,2018,2.88836050033569000
rgdpna,JOR,2018,105541.46875000000000000
pl_c,JOR,2018,0.45102587342262300
rnna,JOR,2018,345336.65625000000000000
pop,JPN,2018,127.20219200000000000
emp,JPN,2018,69.36460876464840000
avh,JPN,2018,1729.00000000000000000
hc,JPN,2018,3.58311605453491000
rgdpna,JPN,2018,5065208.50000000000000000
pl_c,JPN,2018,1.03172588348389000
rnna,JPN,2018,26049552.00000000000000000
pop,KEN,2018,51.39256500000000000
emp,KEN,2018,24.21330451965330000
hc,KEN,2018,2.32589602470398000
rgdpna,KEN,2018,215975.40625000000000000
pl_c,KEN,2018,0.42195641994476300
rnna,KEN,2018,516475.78125000000000000
pop,KGZ,2018,6.30403000000000000
emp,KGZ,2018,2.62620520591736000
hc,KGZ,2018,3.50086832046509000
rgdpna,KGZ,2018,38764.59375000000000000
pl_c,KGZ,2018,0.27814272046089200
rnna,KGZ,2018,83488.17187500000000000
pop,KHM,2018,16.24979200000000000
emp,KHM,2018,8.58510112762451000
avh,KHM,2018,2474.91189335301000000
hc,KHM,2018,1.93221628665924000
rgdpna,KHM,2018,68094.16406250000000000
pl_c,KHM,2018,0.36560305953025800
rnna,KHM,2018,194852.34375000000000000
pop,COM,2018,0.83232200000000000
emp,COM,2018,0.19568285346031200
rgdpna,COM,2018,2651.11596679688000000
pl_c,COM,2018,0.49935081601142900
rnna,COM,2018,12790.32714843750000000
pop,KNA,2018,0.05244100000000000
rgdpna,KNA,2018,1144.20959472656000000
pl_c,KNA,2018,0.87907546758651700
rnna,KNA,2018,11161.42480468750000000
pop,KOR,2018,51.17170600000000000
emp,KOR,2018,26.58141326904300000
avh,KOR,2018,1987.53972284049000000
hc,KOR,2018,3.72946310043335000
rgdpna,KOR,2018,2149300.50000000000000000
pl_c,KOR,2018,0.89321655035018900
rnna,KOR,2018,10894959.00000000000000000
pop,KWT,2018,4.13731200000000000
emp,KWT,2018,2.33421754837036000
hc,KWT,2018,2.25771689414978000
rgdpna,KWT,2018,231084.62500000000000000
pl_c,KWT,2018,0.57254999876022300
rnna,KWT,2018,929659.43750000000000000
pop,CYM,2018,0.06417400000000000
emp,CYM,2018,0.04455002397298810
rgdpna,CYM,2018,4445.77246093750000000
pl_c,CYM,2018,1.31900966167450000
rnna,CYM,2018,15549.90234375000000000
pop,KAZ,2018,18.31961800000000000
emp,KAZ,2018,8.69320392608643000
hc,KAZ,2018,3.12284040451050000
rgdpna,KAZ,2018,490728.03125000000000000
pl_c,KAZ,2018,0.36856082081794700
rnna,KAZ,2018,1112062.50000000000000000
pop,LAO,2018,7.06150700000000000
emp,LAO,2018,3.54568958282471000
hc,LAO,2018,1.92690312862396000
rgdpna,LAO,2018,53680.47265625000000000
pl_c,LAO,2018,0.38532251119613600
rnna,LAO,2018,176187.39062500000000000
pop,LBN,2018,6.85940800000000000
emp,LBN,2018,1.99228239059448000
rgdpna,LBN,2018,106619.48437500000000000
pl_c,LBN,2018,0.73709154129028300
rnna,LBN,2018,569333.37500000000000000
pop,LCA,2018,0.18188900000000000
emp,LCA,2018,0.08160000294446950
rgdpna,LCA,2018,2216.78662109375000000
pl_c,LCA,2018,0.75194633007049600
rnna,LCA,2018,11460.88964843750000000
pop,LKA,2018,21.22876300000000000
emp,LKA,2018,8.01500034332275000
avh,LKA,2018,1922.51318106001000000
hc,LKA,2018,2.86095976829529000
rgdpna,LKA,2018,277920.46875000000000000
pl_c,LKA,2018,0.34675681591033900
rnna,LKA,2018,785276.81250000000000000
pop,LBR,2018,4.81897300000000000
emp,LBR,2018,1.85885477066040000
hc,LBR,2018,1.82447791099548000
rgdpna,LBR,2018,6556.21044921875000000
pl_c,LBR,2018,0.33421576023101800
rnna,LBR,2018,24150.66015625000000000
pop,LSO,2018,2.10832800000000000
emp,LSO,2018,0.65409260988235500
hc,LSO,2018,1.72921967506409000
rgdpna,LSO,2018,6315.90380859375000000
pl_c,LSO,2018,0.43256202340126000
rnna,LSO,2018,26635.59765625000000000
pop,LTU,2018,2.80126400000000000
emp,LTU,2018,1.38158440589905000
avh,LTU,2018,1884.49949297407000000
hc,LTU,2018,3.27962493896484000
rgdpna,LTU,2018,88228.51562500000000000
pl_c,LTU,2018,0.57435363531112700
rnna,LTU,2018,370014.84375000000000000
pop,LUX,2018,0.60424500000000000
emp,LUX,2018,0.44474557042121900
avh,LUX,2018,1505.71326707964000000
hc,LUX,2018,3.56519508361816000
rgdpna,LUX,2018,55293.78906250000000000
pl_c,LUX,2018,1.10504543781281000
rnna,LUX,2018,271953.93750000000000000
pop,LVA,2018,1.92845900000000000
emp,LVA,2018,0.90068185329437300
avh,LVA,2018,1899.59454805994000000
hc,LVA,2018,3.14169025421143000
rgdpna,LVA,2018,55129.16015625000000000
pl_c,LVA,2018,0.66670656204223600
rnna,LVA,2018,453963.43750000000000000
pop,MAR,2018,36.02909300000000000
emp,MAR,2018,11.37258243560790000
hc,MAR,2018,1.91424775123596000
rgdpna,MAR,2018,280390.12500000000000000
pl_c,MAR,2018,0.45026370882988000
rnna,MAR,2018,1483485.12500000000000000
pop,MDA,2018,4.05194400000000000
emp,MDA,2018,1.46898043155670000
hc,MDA,2018,3.51418447494507000
rgdpna,MDA,2018,38512.47656250000000000
pl_c,MDA,2018,0.36631017923355100
rnna,MDA,2018,114862.42187500000000000
pop,MNE,2018,0.62780900000000000
emp,MNE,2018,0.23739999532699600
rgdpna,MNE,2018,12817.22558593750000000
pl_c,MNE,2018,0.51277673244476300
rnna,MNE,2018,45203.16406250000000000
pop,MDG,2018,26.26231300000000000
emp,MDG,2018,13.47976398468020000
hc,MDG,2018,1.71317684650421000
rgdpna,MDG,2018,43065.69531250000000000
pl_c,MDG,2018,0.30380481481552100
rnna,MDG,2018,97571.71093750000000000
pop,MKD,2018,2.08295700000000000
emp,MKD,2018,0.81836789846420300
rgdpna,MKD,2018,32582.90429687500000000
pl_c,MKD,2018,0.42190116643905600
rnna,MKD,2018,134535.57812500000000000
pop,MLI,2018,19.07774900000000000
emp,MLI,2018,5.94890022277832000
hc,MLI,2018,1.36189782619476000
rgdpna,MLI,2018,44285.11718750000000000
pl_c,MLI,2018,0.36564704775810200
rnna,MLI,2018,66101.46093750000000000
pop,MMR,2018,53.70832000000000000
emp,MMR,2018,22.61580467224120000
avh,MMR,2018,2447.05765949370000000
hc,MMR,2018,1.83027982711792000
rgdpna,MMR,2018,271420.50000000000000000
pl_c,MMR,2018,0.29840990900993300
rnna,MMR,2018,749113.68750000000000000
pop,MNG,2018,3.17021600000000000
emp,MNG,2018,1.36005055904388000
hc,MNG,2018,3.02342367172241000
rgdpna,MNG,2018,34920.80078125000000000
pl_c,MNG,2018,0.36205023527145400
rnna,MNG,2018,165694.42187500000000000
pop,MAC,2018,0.63163600000000000
emp,MAC,2018,0.38550001382827800
hc,MAC,2018,2.91192507743835000
rgdpna,MAC,2018,61747.20312500000000000
pl_c,MAC,2018,0.77554285526275600
rnna,MAC,2018,212336.17187500000000000
pop,MRT,2018,4.40331300000000000
emp,MRT,2018,1.09561729431152000
hc,MRT,2018,1.80602908134460000
rgdpna,MRT,2018,21582.32812500000000000
pl_c,MRT,2018,0.35839459300041200
rnna,MRT,2018,95583.85937500000000000
pop,MSR,2018,0.00499300000000000
emp,MSR,2018,0.00253864144906402
rgdpna,MSR,2018,75.34246826171880000
pl_c,MSR,2018,0.77974432706832900
rnna,MSR,2018,1204.67333984375000000
pop,MLT,2018,0.43924800000000000
emp,MLT,2018,0.21243046224117300
avh,MLT,2018,1913.26967960959000000
hc,MLT,2018,3.14422321319580000
rgdpna,MLT,2018,16523.65039062500000000
pl_c,MLT,2018,0.74933838844299300
rnna,MLT,2018,60106.03906250000000000
pop,MUS,2018,1.26718500000000000
emp,MUS,2018,0.57498991489410400
hc,MUS,2018,2.61766529083252000
rgdpna,MUS,2018,29215.56054687500000000
pl_c,MUS,2018,0.51246315240860000
rnna,MUS,2018,93904.78125000000000000
pop,MDV,2018,0.51569600000000000
emp,MDV,2018,0.18153706192970300
hc,MDV,2018,2.48931241035461000
rgdpna,MDV,2018,10337.87109375000000000
pl_c,MDV,2018,0.62285792827606200
rnna,MDV,2018,54472.26562500000000000
pop,MWI,2018,18.14321700000000000
emp,MWI,2018,7.67723464965820000
hc,MWI,2018,1.99782192707062000
rgdpna,MWI,2018,21063.74218750000000000
pl_c,MWI,2018,0.34212639927864100
rnna,MWI,2018,23900.95507812500000000
pop,MEX,2018,126.19078800000000000
emp,MEX,2018,53.72119522094730000
avh,MEX,2018,2149.00000000000000000
hc,MEX,2018,2.75670194625854000
rgdpna,MEX,2018,2413749.00000000000000000
pl_c,MEX,2018,0.50680035352706900
rnna,MEX,2018,10788917.00000000000000000
pop,MYS,2018,31.52803300000000000
emp,MYS,2018,14.81386089324950000
avh,MYS,2018,2197.05808637400000000
hc,MYS,2018,3.05628776550293000
rgdpna,MYS,2018,787306.75000000000000000
pl_c,MYS,2018,0.41909226775169400
rnna,MYS,2018,3462176.50000000000000000
pop,MOZ,2018,29.49600400000000000
emp,MOZ,2018,10.66711425781250000
hc,MOZ,2018,1.22307264804840000
rgdpna,MOZ,2018,37536.65234375000000000
pl_c,MOZ,2018,0.38422250747680700
rnna,MOZ,2018,105248.43750000000000000
pop,NAM,2018,2.44830100000000000
emp,NAM,2018,0.72570395469665500
hc,NAM,2018,2.23816776275635000
rgdpna,NAM,2018,24005.11523437500000000
pl_c,NAM,2018,0.51880335807800300
rnna,NAM,2018,78212.21875000000000000
pop,NER,2018,22.44282200000000000
emp,NER,2018,8.53264904022217000
hc,NER,2018,1.21844410896301000
rgdpna,NER,2018,26082.36328125000000000
pl_c,NER,2018,0.44197040796279900
rnna,NER,2018,125230.34375000000000000
pop,NGA,2018,195.87468300000000000
emp,NGA,2018,71.11517333984380000
hc,NGA,2018,1.94907462596893000
rgdpna,NGA,2018,984634.93750000000000000
pl_c,NGA,2018,0.37826228141784700
rnna,NGA,2018,3053654.75000000000000000
pop,NIC,2018,6.46550100000000000
emp,NIC,2018,2.65906572341919000
hc,NIC,2018,2.26375198364258000
rgdpna,NIC,2018,34677.70312500000000000
pl_c,NIC,2018,0.38520336151123000
rnna,NIC,2018,134676.70312500000000000
pop,NLD,2018,17.05956000000000000
emp,NLD,2018,9.30217838287354000
avh,NLD,2018,1436.40336313325000000
hc,NLD,2018,3.38264727592468000
rgdpna,NLD,2018,944920.68750000000000000
pl_c,NLD,2018,0.98391050100326500
rnna,NLD,2018,4683135.00000000000000000
pop,NOR,2018,5.33796200000000000
emp,NOR,2018,2.80533766746521000
avh,NOR,2018,1382.52148997135000000
hc,NOR,2018,3.65297579765320000
rgdpna,NOR,2018,373403.59375000000000000
pl_c,NOR,2018,1.31574559211731000
rnna,NOR,2018,1681167.75000000000000000
pop,NPL,2018,28.09571400000000000
emp,NPL,2018,15.18003368377690000
hc,NPL,2018,1.79661571979523000
rgdpna,NPL,2018,96654.42187500000000000
pl_c,NPL,2018,0.29025897383689900
rnna,NPL,2018,320963.78125000000000000
pop,NZL,2018,4.74313100000000000
emp,NZL,2018,2.51875948905945000
avh,NZL,2018,1769.08498554766000000
hc,NZL,2018,3.38377642631531000
rgdpna,NZL,2018,192086.03125000000000000
pl_c,NZL,2018,1.05260384082794000
rnna,NZL,2018,640016.81250000000000000
pop,OMN,2018,4.82947300000000000
emp,OMN,2018,2.68339705467224000
rgdpna,OMN,2018,146342.46875000000000000
pl_c,OMN,2018,0.52843433618545500
rnna,OMN,2018,745308.62500000000000000
pop,PAN,2018,4.17686900000000000
emp,PAN,2018,1.86749994754791000
hc,PAN,2018,2.87267804145813000
rgdpna,PAN,2018,125334.93750000000000000
pl_c,PAN,2018,0.51219844818115200
rnna,PAN,2018,486540.18750000000000000
pop,PER,2018,31.98926000000000000
emp,PER,2018,16.64990043640140000
avh,PER,2018,2139.60175949709000000
hc,PER,2018,2.82068347930908000
rgdpna,PER,2018,390919.65625000000000000
pl_c,PER,2018,0.57671600580215500
rnna,PER,2018,1409053.12500000000000000
pop,PHL,2018,106.65139400000000000
emp,PHL,2018,41.15300369262700000
avh,PHL,2018,2168.29650047107000000
hc,PHL,2018,2.70087862014771000
rgdpna,PHL,2018,878103.43750000000000000
pl_c,PHL,2018,0.36615017056465100
rnna,PHL,2018,2556556.00000000000000000
pop,PAK,2018,212.22828600000000000
emp,PAK,2018,61.70383071899410000
avh,PAK,2018,1966.90718046047000000
hc,PAK,2018,1.77277934551239000
rgdpna,PAK,2018,1043742.87500000000000000
pl_c,PAK,2018,0.26786589622497600
rnna,PAK,2018,1680972.25000000000000000
pop,POL,2018,37.92159200000000000
emp,POL,2018,16.21166229248050000
avh,POL,2018,2002.15146582783000000
hc,POL,2018,3.43075108528137000
rgdpna,POL,2018,1161479.62500000000000000
pl_c,POL,2018,0.50889402627944900
rnna,POL,2018,3050302.50000000000000000
pop,PSE,2018,4.86297900000000000
emp,PSE,2018,0.95213609933853100
rgdpna,PSE,2018,31768.06250000000000000
pl_c,PSE,2018,0.56437695026397700
rnna,PSE,2018,127418.69531250000000000
pop,PRT,2018,10.25619300000000000
emp,PRT,2018,4.93115472793579000
avh,PRT,2018,1867.85201222515000000
hc,PRT,2018,2.49544858932495000
rgdpna,PRT,2018,322000.90625000000000000
pl_c,PRT,2018,0.77280074357986500
rnna,PRT,2018,2888201.25000000000000000
pop,PRY,2018,6.95606600000000000
emp,PRY,2018,3.30691838264465000
hc,PRY,2018,2.63056206703186000
rgdpna,PRY,2018,87637.07812500000000000
pl_c,PRY,2018,0.44541287422180200
rnna,PRY,2018,278696.15625000000000000
pop,QAT,2018,2.78168200000000000
emp,QAT,2018,2.04520821571350000
hc,QAT,2018,3.17323040962219000
rgdpna,QAT,2018,304941.56250000000000000
pl_c,QAT,2018,0.90099072456359900
rnna,QAT,2018,1498913.25000000000000000
pop,ROU,2018,19.50611400000000000
emp,ROU,2018,8.68850040435791000
avh,ROU,2018,1787.76637307257000000
hc,ROU,2018,3.25331354141235000
rgdpna,ROU,2018,521853.87500000000000000
pl_c,ROU,2018,0.47896397113800000
rnna,ROU,2018,1743728.75000000000000000
pop,SRB,2018,7.01884400000000000
emp,SRB,2018,2.83371019363403000
hc,SRB,2018,3.43187618255615000
rgdpna,SRB,2018,117994.10156250000000000
pl_c,SRB,2018,0.49122026562690700
rnna,SRB,2018,614120.81250000000000000
pop,RUS,2018,145.73403800000000000
emp,RUS,2018,72.16408538818360000
avh,RUS,2018,1970.00000000000000000
hc,RUS,2018,3.41864514350891000
rgdpna,RUS,2018,3998750.75000000000000000
pl_c,RUS,2018,0.40328821539878800
rnna,RUS,2018,19353774.00000000000000000
pop,RWA,2018,12.30197000000000000
emp,RWA,2018,5.16152286529541000
hc,RWA,2018,1.87717545032501000
rgdpna,RWA,2018,26900.51562500000000000
pl_c,RWA,2018,0.34436619281768800
rnna,RWA,2018,46217.23828125000000000
pop,SAU,2018,33.70275600000000000
emp,SAU,2018,13.37823867797850000
hc,SAU,2018,2.69065332412720000
rgdpna,SAU,2018,1644060.37500000000000000
pl_c,SAU,2018,0.45198825001716600
rnna,SAU,2018,6884169.50000000000000000
pop,SYC,2018,0.09709600000000000
emp,SYC,2018,0.05204011499881740
rgdpna,SYC,2018,2328.66821289063000000
pl_c,SYC,2018,0.61528569459915200
rnna,SYC,2018,17597.52929687500000000
pop,SDN,2018,41.80153300000000000
emp,SDN,2018,10.02483367919920000
hc,SDN,2018,1.60141456127167000
rgdpna,SDN,2018,180168.60937500000000000
pl_c,SDN,2018,0.18573671579361000
rnna,SDN,2018,314770.18750000000000000
pop,SWE,2018,9.97163800000000000
emp,SWE,2018,4.99561405181885000
avh,SWE,2018,1620.73484120290000000
hc,SWE,2018,3.42593097686768000
rgdpna,SWE,2018,525428.12500000000000000
pl_c,SWE,2018,1.04401504993439000
rnna,SWE,2018,2725292.25000000000000000
pop,SGP,2018,5.75749900000000000
emp,SGP,2018,3.71476626396179000
avh,SGP,2018,2306.00868836354000000
hc,SGP,2018,4.15445375442505000
rgdpna,SGP,2018,480873.62500000000000000
pl_c,SGP,2018,0.76532810926437400
rnna,SGP,2018,2094537.62500000000000000
pop,SVN,2018,2.07783700000000000
emp,SVN,2018,1.02623057365417000
avh,SVN,2018,1598.70385610158000000
hc,SVN,2018,3.55342221260071000
rgdpna,SVN,2018,68479.42187500000000000
pl_c,SVN,2018,0.74881029129028300
rnna,SVN,2018,490749.03125000000000000
pop,SXM,2018,0.04194000000000000
rgdpna,SXM,2018,625.92553710937500000
pl_c,SXM,2018,0.66708254814147900
pop,SVK,2018,5.45301400000000000
emp,SVK,2018,2.43950939178467000
avh,SVK,2018,1703.92536881689000000
hc,SVK,2018,3.82120704650879000
rgdpna,SVK,2018,149624.14062500000000000
pl_c,SVK,2018,0.68779373168945300
rnna,SVK,2018,763818.87500000000000000
pop,SLE,2018,7.65015000000000000
emp,SLE,2018,2.47238802909851000
hc,SLE,2018,1.62912642955780000
rgdpna,SLE,2018,13425.06640625000000000
pl_c,SLE,2018,0.34437885880470300
rnna,SLE,2018,17012.30078125000000000
pop,SEN,2018,15.85432300000000000
emp,SEN,2018,5.95509576797485000
hc,SEN,2018,1.59844470024109000
rgdpna,SEN,2018,51418.24609375000000000
pl_c,SEN,2018,0.42339223623275800
rnna,SEN,2018,151962.40625000000000000
pop,SUR,2018,0.57599000000000000
emp,SUR,2018,0.21925264596939100
rgdpna,SUR,2018,8004.71533203125000000
pl_c,SUR,2018,0.42756462097168000
rnna,SUR,2018,63846.39843750000000000
pop,STP,2018,0.21102800000000000
emp,STP,2018,0.06344614177942280
rgdpna,STP,2018,866.85809326171900000
pl_c,STP,2018,0.55947381258010900
rnna,STP,2018,3827.71606445313000000
pop,SLV,2018,6.42074600000000000
emp,SLV,2018,2.91060185432434000
hc,SLV,2018,2.27278709411621000
rgdpna,SLV,2018,51967.96875000000000000
pl_c,SLV,2018,0.51216584444046000
rnna,SLV,2018,189052.09375000000000000
pop,SYR,2018,16.94505700000000000
emp,SYR,2018,4.72071504592896000
hc,SYR,2018,2.59381318092346000
rgdpna,SYR,2018,116950.25000000000000000
pl_c,SYR,2018,0.24917760491371200
rnna,SYR,2018,404681.00000000000000000
pop,SWZ,2018,1.13628100000000000
emp,SWZ,2018,0.30542150139808700
hc,SWZ,2018,2.09102296829224000
rgdpna,SWZ,2018,9557.59570312500000000
pl_c,SWZ,2018,0.45793378353118900
rnna,SWZ,2018,31936.20898437500000000
pop,TCA,2018,0.03766500000000000
rgdpna,TCA,2018,587.02264404296900000
pl_c,TCA,2018,1.19301354885101000
rnna,TCA,2018,3932.71630859375000000
pop,TCD,2018,15.47772900000000000
emp,TCD,2018,5.76620244979858000
rgdpna,TCD,2018,24261.21484375000000000
pl_c,TCD,2018,0.43193653225898700
rnna,TCD,2018,46109.70703125000000000
pop,TGO,2018,7.88909300000000000
emp,TGO,2018,3.08190393447876000
hc,TGO,2018,1.79449903964996000
rgdpna,TGO,2018,16570.33593750000000000
pl_c,TGO,2018,0.43093562126159700
rnna,TGO,2018,46239.58203125000000000
pop,THA,2018,69.42845300000000000
emp,THA,2018,37.79167938232420000
avh,THA,2018,2092.99009981099000000
hc,THA,2018,2.77352070808411000
rgdpna,THA,2018,1201034.50000000000000000
pl_c,THA,2018,0.40521359443664600
rnna,THA,2018,5579518.00000000000000000
pop,TJK,2018,9.10083500000000000
emp,TJK,2018,2.60101795196533000
hc,TJK,2018,3.04147958755493000
rgdpna,TJK,2018,38131.10937500000000000
pl_c,TJK,2018,0.34605452418327300
rnna,TJK,2018,357379.93750000000000000
pop,TKM,2018,5.85090100000000000
emp,TKM,2018,3.17825078964233000
rgdpna,TKM,2018,150469.37500000000000000
pl_c,TKM,2018,0.46297526359558100
rnna,TKM,2018,662199.50000000000000000
pop,TUN,2018,11.56520100000000000
emp,TUN,2018,3.64583444595337000
hc,TUN,2018,2.65475988388062000
rgdpna,TUN,2018,128062.22656250000000000
pl_c,TUN,2018,0.29452779889106800
rnna,TUN,2018,346860.31250000000000000
pop,TUR,2018,82.34008800000000000
emp,TUR,2018,28.74099922180180000
avh,TUR,2018,1832.00000000000000000
hc,TUR,2018,2.47905468940735000
rgdpna,TUR,2018,2222477.00000000000000000
pl_c,TUR,2018,0.40374201536178600
rnna,TUR,2018,9818556.00000000000000000
pop,TTO,2018,1.38984300000000000
emp,TTO,2018,0.61550426483154300
hc,TTO,2018,3.07657313346863000
rgdpna,TTO,2018,36146.89062500000000000
pl_c,TTO,2018,0.62168622016906700
rnna,TTO,2018,77246.77343750000000000
pop,TWN,2018,23.58008000000000000
emp,TWN,2018,11.43500041961670000
avh,TWN,2018,2090.07056408786000000
hc,TWN,2018,3.32381677627563000
rgdpna,TWN,2018,1098183.62500000000000000
pl_c,TWN,2018,0.53605020046234100
rnna,TWN,2018,4183680.75000000000000000
pop,TZA,2018,54.73358900000000000
emp,TZA,2018,22.91123962402340000
hc,TZA,2018,1.70375418663025000
rgdpna,TZA,2018,130690.08593750000000000
pl_c,TZA,2018,0.35610908269882200
rnna,TZA,2018,353893.90625000000000000
pop,UKR,2018,44.24615600000000000
emp,UKR,2018,16.38066673278810000
hc,UKR,2018,3.28103017807007000
rgdpna,UKR,2018,556217.18750000000000000
pl_c,UKR,2018,0.27129545807838400
rnna,UKR,2018,6977391.50000000000000000
pop,UGA,2018,42.72903600000000000
emp,UGA,2018,14.83552837371830000
hc,UGA,2018,2.38032293319702000
rgdpna,UGA,2018,85424.67187500000000000
pl_c,UGA,2018,0.32870900630950900
rnna,UGA,2018,170414.73437500000000000
pop,USA,2018,327.09626500000000000
emp,USA,2018,156.67590332031300000
avh,USA,2018,1774.70381111839000000
hc,USA,2018,3.74402379989624000
rgdpna,USA,2018,20128580.00000000000000000
pl_c,USA,2018,0.99076253175735500
rnna,USA,2018,68007352.00000000000000000
pop,URY,2018,3.44928500000000000
emp,URY,2018,1.62894630432129000
avh,URY,2018,1532.51374047687000000
hc,URY,2018,2.75375962257385000
rgdpna,URY,2018,71996.00781250000000000
pl_c,URY,2018,0.81898200511932400
rnna,URY,2018,317846.90625000000000000
pop,UZB,2018,32.47624400000000000
emp,UZB,2018,14.35743522644040000
rgdpna,UZB,2018,374678.25000000000000000
pl_c,UZB,2018,0.20477618277072900
rnna,UZB,2018,1011318.06250000000000000
pop,VCT,2018,0.11021100000000000
emp,VCT,2018,0.04015677794814110
rgdpna,VCT,2018,1161.61193847656000000
pl_c,VCT,2018,0.65999543666839600
rnna,VCT,2018,9108.87500000000000000
pop,VEN,2018,28.88711800000000000
emp,VEN,2018,12.08691024780270000
hc,VEN,2018,2.85784626007080000
rgdpna,VEN,2018,10263.00976562500000000
pl_c,VEN,2018,18.20743560791020000
rnna,VEN,2018,224296.65625000000000000
pop,VGB,2018,0.02980200000000000
emp,VGB,2018,0.01385772321373220
rgdpna,VGB,2018,1089.64941406250000000
pl_c,VGB,2018,1.06111812591553000
rnna,VGB,2018,4220.52880859375000000
pop,VNM,2018,95.54596200000000000
emp,VNM,2018,54.06910324096680000
avh,VNM,2018,2131.96823176583000000
hc,VNM,2018,2.81621026992798000
rgdpna,VNM,2018,693021.31250000000000000
pl_c,VNM,2018,0.34621641039848300
rnna,VNM,2018,1835394.00000000000000000
pop,YEM,2018,28.49868300000000000
emp,YEM,2018,5.37051868438721000
hc,YEM,2018,1.78661465644836000
rgdpna,YEM,2018,39245.44140625000000000
pl_c,YEM,2018,0.73365843296051000
rnna,YEM,2018,542503.81250000000000000
pop,ZAF,2018,57.79251800000000000
emp,ZAF,2018,18.68635749816890000
avh,ZAF,2018,2191.36336158219000000
hc,ZAF,2018,2.85764122009277000
rgdpna,ZAF,2018,731735.12500000000000000
pl_c,ZAF,2018,0.48805156350135800
rnna,ZAF,2018,2844233.50000000000000000
pop,ZMB,2018,17.35170800000000000
emp,ZMB,2018,5.03299093246460000
hc,ZMB,2018,2.64429807662964000
rgdpna,ZMB,2018,55482.79296875000000000
pl_c,ZMB,2018,0.44255480170249900
rnna,ZMB,2018,289807.40625000000000000
pop,ZWE,2018,14.43880200000000000
emp,ZWE,2018,6.71495199203491000
hc,ZWE,2018,2.68062973022461000
rgdpna,ZWE,2018,46457.09765625000000000
pl_c,ZWE,2018,0.54375731945037800
rnna,ZWE,2018,69059.62500000000000000
